{
    "name": "maqueenPlusV2",
    "version": "2.1.2",
    "description": "This is the latest version of Maqueen Plus, a programming robot for STEAM education.",
    "license": "MIT",
    "dependencies": {
        "core": "*",
        "ir": "github:dfrobot/pxt-dfrobot_ir#v1.0.3",
        "ws2812b": "github:microsoft/pxt-ws2812b#v0.1.2"
    },
    "files": [
        "README.md",
        "_locales/zh-cn/maqueenPlusV2-strings.json",
        "_locales/zh-cn/maqueenPlusV2-jsdoc-strings.json",
        "_locales/zh-tw/maqueenPlusV2-strings.json",
        "_locales/cs/maqueenPlusV2-strings.json",
        "_locales/cs/maqueenPlusV2-jsdoc-strings.json",
        "_locales/fr/maqueenPlusV2-strings.json",
        "maqueenPlusV2.ts"
    ],
    "testFiles": [
        "test.ts"
    ],
    "targetVersions": {
        "target": "5.0.12",
        "targetId": "microbit"
    },
    "supportedTargets": [
        "microbit"
    ],
    "preferredEditor": "tsprj"
}
